Epoch,train_acc,val_acc
1,0.34725446,0.34563556
2,0.3728862,0.38258857
3,0.38381812,0.37930074
